{
  "no_wind": {
    "PID": {
      "mean_reward": 24202.78357482146,
      "std_reward": 652.6810040267259,
      "mean_z_error": 0.012704203199489516,
      "mean_att_error": 0.00031730090241150226,
      "success_rate": 1.0
    }
  },
  "wind": {
    "PID": {
      "wind_1.0": {
        "mean_reward": -36.506141835272054,
        "mean_z_error": 0.40070489436525214
      },
      "wind_3.0": {
        "mean_reward": -494.7852500545842,
        "mean_z_error": 0.6813501360121734
      },
      "wind_5.0": {
        "mean_reward": -601.4473326647743,
        "mean_z_error": 0.7778605812028054
      }
    },
    "SAC": {}
  }
}